ML-W0704A-nutrients1 complement,xlsx,Murrays raw data,Stn Name,Test 1,xlsx,Sheet1,Stn Name
ML-W0704A-nutrients1 complement,xlsx,Murrays raw data,Stn Name,Test 1,xlsx,Sheet1,
ML-W0704A-nutrients1 complement,xlsx,Murrays raw data,Stn Name,Test 1,xlsx,Sheet1,
Fully Duplicate ReorderedColumns 3,xlsx,Sheet1,Table,Fully Duplicate ReorderedColumns 3,xlsx,Sheet2,Parameters
Fully Duplicate ReorderedColumns 3,xlsx,Sheet1,Table,Fully Duplicate ReorderedColumns 3,xlsx,Sheet2,Table
Fully Duplicate ReorderedColumns 3,xlsx,Sheet1,Table,dnhperftbls 2 - complement,xlsx,Sheet1,Parameters
Fully Duplicate ReorderedColumns 3,xlsx,Sheet1,Table,dnhperftbls 2 - complement,xlsx,Sheet1,Table
Fully Duplicate ReorderedColumns 3,xlsx,Sheet1,Table,dnhperftbls 2 - complement,xlsx,Sheet2,Parameters
Fully Duplicate ReorderedColumns 3,xlsx,Sheet1,Table,dnhperftbls 2 - complement,xlsx,Sheet2,Table
Fully Duplicate ReorderedColumns 3,xlsx,Sheet1,Table,Test 1,xlsx,Sheet2,URL
Fully Duplicate ReorderedColumns 3,xlsx,Sheet1,Parameters,Fully Duplicate ReorderedColumns 3,xlsx,Sheet2,Parameters
Fully Duplicate ReorderedColumns 3,xlsx,Sheet1,Parameters,Fully Duplicate ReorderedColumns 3,xlsx,Sheet2,Table
Fully Duplicate ReorderedColumns 3,xlsx,Sheet1,Parameters,dnhperftbls 2 - complement,xlsx,Sheet1,Parameters
Fully Duplicate ReorderedColumns 3,xlsx,Sheet1,Parameters,dnhperftbls 2 - complement,xlsx,Sheet1,Table
Fully Duplicate ReorderedColumns 3,xlsx,Sheet1,Parameters,dnhperftbls 2 - complement,xlsx,Sheet2,Parameters
Fully Duplicate ReorderedColumns 3,xlsx,Sheet1,Parameters,dnhperftbls 2 - complement,xlsx,Sheet2,Table
Fully Duplicate ReorderedColumns 3,xlsx,Sheet1,Parameters,Test 1,xlsx,Sheet2,URL
Fully Duplicate ReorderedColumns 3,xlsx,Sheet2,Parameters,dnhperftbls 2 - complement,xlsx,Sheet1,Parameters
Fully Duplicate ReorderedColumns 3,xlsx,Sheet2,Parameters,dnhperftbls 2 - complement,xlsx,Sheet1,Table
Fully Duplicate ReorderedColumns 3,xlsx,Sheet2,Parameters,dnhperftbls 2 - complement,xlsx,Sheet2,Parameters
Fully Duplicate ReorderedColumns 3,xlsx,Sheet2,Parameters,dnhperftbls 2 - complement,xlsx,Sheet2,Table
Fully Duplicate ReorderedColumns 3,xlsx,Sheet2,Parameters,Test 1,xlsx,Sheet2,URL
Fully Duplicate ReorderedColumns 3,xlsx,Sheet2,Table,dnhperftbls 2 - complement,xlsx,Sheet1,Parameters
Fully Duplicate ReorderedColumns 3,xlsx,Sheet2,Table,dnhperftbls 2 - complement,xlsx,Sheet1,Table
Fully Duplicate ReorderedColumns 3,xlsx,Sheet2,Table,dnhperftbls 2 - complement,xlsx,Sheet2,Parameters
Fully Duplicate ReorderedColumns 3,xlsx,Sheet2,Table,dnhperftbls 2 - complement,xlsx,Sheet2,Table
Fully Duplicate ReorderedColumns 3,xlsx,Sheet2,Table,Test 1,xlsx,Sheet2,URL
dnhperftbls 2 - complement,xlsx,Sheet1,Parameters,dnhperftbls 2 - complement,xlsx,Sheet2,Parameters
dnhperftbls 2 - complement,xlsx,Sheet1,Parameters,dnhperftbls 2 - complement,xlsx,Sheet2,Table
dnhperftbls 2 - complement,xlsx,Sheet1,Parameters,Test 1,xlsx,Sheet2,URL
dnhperftbls 2 - complement,xlsx,Sheet1,Table,dnhperftbls 2 - complement,xlsx,Sheet2,Parameters
dnhperftbls 2 - complement,xlsx,Sheet1,Table,dnhperftbls 2 - complement,xlsx,Sheet2,Table
dnhperftbls 2 - complement,xlsx,Sheet1,Table,Test 1,xlsx,Sheet2,URL
dnhperftbls 2 - complement,xlsx,Sheet2,Parameters,Test 1,xlsx,Sheet2,URL
dnhperftbls 2 - complement,xlsx,Sheet2,Table,Test 1,xlsx,Sheet2,URL
ML-W0704A-nutrients1 complement,xlsx,Murrays raw data,Depth,ML-W0704A-nutrients1 complement,xlsx,Lydie,NO2
ML-W0704A-nutrients1 complement,xlsx,Murrays raw data,Depth,Fully Duplicate ReorderedColumns 3,xlsx,Sheet1,Corners
ML-W0704A-nutrients1 complement,xlsx,Murrays raw data,Depth,Fully Duplicate ReorderedColumns 3,xlsx,Sheet2,Corners
ML-W0704A-nutrients1 complement,xlsx,Murrays raw data,Depth,dnhperftbls 2 - complement,xlsx,Sheet1,Corners
ML-W0704A-nutrients1 complement,xlsx,Murrays raw data,Depth,dnhperftbls 2 - complement,xlsx,Sheet2,Corners
ML-W0704A-nutrients1 complement,xlsx,Murrays raw data,PO4,ML-W0704A-nutrients1 complement,xlsx,Lydie,NO2
ML-W0704A-nutrients1 complement,xlsx,Murrays raw data,PO4,Fully Duplicate ReorderedColumns 3,xlsx,Sheet1,Corners
ML-W0704A-nutrients1 complement,xlsx,Murrays raw data,PO4,Fully Duplicate ReorderedColumns 3,xlsx,Sheet2,Corners
ML-W0704A-nutrients1 complement,xlsx,Murrays raw data,PO4,dnhperftbls 2 - complement,xlsx,Sheet1,Corners
ML-W0704A-nutrients1 complement,xlsx,Murrays raw data,PO4,dnhperftbls 2 - complement,xlsx,Sheet2,Corners
ML-W0704A-nutrients1 complement,xlsx,Murrays raw data,N+N,ML-W0704A-nutrients1 complement,xlsx,Lydie,NO2
ML-W0704A-nutrients1 complement,xlsx,Murrays raw data,N+N,Fully Duplicate ReorderedColumns 3,xlsx,Sheet1,Corners
ML-W0704A-nutrients1 complement,xlsx,Murrays raw data,N+N,Fully Duplicate ReorderedColumns 3,xlsx,Sheet2,Corners
ML-W0704A-nutrients1 complement,xlsx,Murrays raw data,N+N,dnhperftbls 2 - complement,xlsx,Sheet1,Corners
ML-W0704A-nutrients1 complement,xlsx,Murrays raw data,N+N,dnhperftbls 2 - complement,xlsx,Sheet2,Corners
ML-W0704A-nutrients1 complement,xlsx,Murrays raw data,Silicate,ML-W0704A-nutrients1 complement,xlsx,Lydie,NO2
ML-W0704A-nutrients1 complement,xlsx,Murrays raw data,Silicate,Fully Duplicate ReorderedColumns 3,xlsx,Sheet1,Corners
ML-W0704A-nutrients1 complement,xlsx,Murrays raw data,Silicate,Fully Duplicate ReorderedColumns 3,xlsx,Sheet2,Corners
ML-W0704A-nutrients1 complement,xlsx,Murrays raw data,Silicate,dnhperftbls 2 - complement,xlsx,Sheet1,Corners
ML-W0704A-nutrients1 complement,xlsx,Murrays raw data,Silicate,dnhperftbls 2 - complement,xlsx,Sheet2,Corners
ML-W0704A-nutrients1 complement,xlsx,Murrays raw data,NH4,ML-W0704A-nutrients1 complement,xlsx,Lydie,NO2
ML-W0704A-nutrients1 complement,xlsx,Murrays raw data,NH4,Fully Duplicate ReorderedColumns 3,xlsx,Sheet1,Corners
ML-W0704A-nutrients1 complement,xlsx,Murrays raw data,NH4,Fully Duplicate ReorderedColumns 3,xlsx,Sheet2,Corners
ML-W0704A-nutrients1 complement,xlsx,Murrays raw data,NH4,dnhperftbls 2 - complement,xlsx,Sheet1,Corners
ML-W0704A-nutrients1 complement,xlsx,Murrays raw data,NH4,dnhperftbls 2 - complement,xlsx,Sheet2,Corners
ML-W0704A-nutrients1 complement,xlsx,Lydie,NO2,Fully Duplicate ReorderedColumns 3,xlsx,Sheet1,Corners
ML-W0704A-nutrients1 complement,xlsx,Lydie,NO2,Fully Duplicate ReorderedColumns 3,xlsx,Sheet2,Corners
ML-W0704A-nutrients1 complement,xlsx,Lydie,NO2,dnhperftbls 2 - complement,xlsx,Sheet1,Corners
ML-W0704A-nutrients1 complement,xlsx,Lydie,NO2,dnhperftbls 2 - complement,xlsx,Sheet2,Corners
Fully Duplicate ReorderedColumns 3,xlsx,Sheet1,Corners,Fully Duplicate ReorderedColumns 3,xlsx,Sheet2,Corners
Fully Duplicate ReorderedColumns 3,xlsx,Sheet1,Corners,dnhperftbls 2 - complement,xlsx,Sheet1,Corners
Fully Duplicate ReorderedColumns 3,xlsx,Sheet1,Corners,dnhperftbls 2 - complement,xlsx,Sheet2,Corners
Fully Duplicate ReorderedColumns 3,xlsx,Sheet2,Corners,dnhperftbls 2 - complement,xlsx,Sheet1,Corners
Fully Duplicate ReorderedColumns 3,xlsx,Sheet2,Corners,dnhperftbls 2 - complement,xlsx,Sheet2,Corners
dnhperftbls 2 - complement,xlsx,Sheet1,Corners,dnhperftbls 2 - complement,xlsx,Sheet2,Corners
ML-W0704A-nutrients1 complement,xlsx,Murrays raw data,W0704A,ML-W0704A-nutrients1 complement,xlsx,Lydie,W0704A
ML-W0704A-nutrients1 complement,xlsx,Murrays raw data,W0704A,Test 1,xlsx,Sheet1,W0704A
ML-W0704A-nutrients1 complement,xlsx,Murrays raw data,W0704A,Test 1,xlsx,Sheet2,Oganization
ML-W0704A-nutrients1 complement,xlsx,Murrays raw data,W0704A,Test 1,xlsx,Sheet2,Description
ML-W0704A-nutrients1 complement,xlsx,Lydie,W0704A,Test 1,xlsx,Sheet1,W0704A
ML-W0704A-nutrients1 complement,xlsx,Lydie,W0704A,Test 1,xlsx,Sheet2,Oganization
ML-W0704A-nutrients1 complement,xlsx,Lydie,W0704A,Test 1,xlsx,Sheet2,Description
Test 1,xlsx,Sheet1,W0704A,Test 1,xlsx,Sheet2,Oganization
Test 1,xlsx,Sheet1,W0704A,Test 1,xlsx,Sheet2,Description
ML-W0704A-nutrients1 complement,xlsx,Murrays raw data,,ML-W0704A-nutrients1 complement,xlsx,Lydie,
ML-W0704A-nutrients1 complement,xlsx,Murrays raw data,,metabolite data ReCol,xlsx,Sheet1,For diagram, 0-30 min was representedAnalyte
ML-W0704A-nutrients1 complement,xlsx,Murrays raw data,,metabolite data ReCol,xlsx,Sheet2,For diagram, 0-30 min was representedAnalyte
ML-W0704A-nutrients1 complement,xlsx,Murrays raw data,,Test 1,xlsx,Sheet1,
ML-W0704A-nutrients1 complement,xlsx,Lydie,,metabolite data ReCol,xlsx,Sheet1,For diagram, 0-30 min was representedAnalyte
ML-W0704A-nutrients1 complement,xlsx,Lydie,,metabolite data ReCol,xlsx,Sheet2,For diagram, 0-30 min was representedAnalyte
ML-W0704A-nutrients1 complement,xlsx,Lydie,,Test 1,xlsx,Sheet1,
metabolite data ReCol,xlsx,Sheet1,For diagram, 0-30 min was representedAnalyte,metabolite data ReCol,xlsx,Sheet2,For diagram, 0-30 min was representedAnalyte
metabolite data ReCol,xlsx,Sheet1,For diagram, 0-30 min was representedAnalyte,Test 1,xlsx,Sheet1,
metabolite data ReCol,xlsx,Sheet2,For diagram, 0-30 min was representedAnalyte,Test 1,xlsx,Sheet1,
