11a10.xls, Sheet1, 0, data_8308780893815118.xls, Sheet1, 0, 1
11a10.xls, Sheet1, 1, data_8308780893815118.xls, Sheet1, 1, 1
11a10.xls, Sheet1, 2, data_8308780893815118.xls, Sheet1, 2, 1
11a10.xls, Sheet1, 3, data_8308780893815118.xls, Sheet1, 3, 1
11a10.xls, Sheet1, 5, data_8308780893815118.xls, Sheet1, 4, 1
11a10.xls, Sheet1, 6, data_8308780893815118.xls, Sheet1, 5, 1
11a10.xls, Sheet1, 7, data_8308780893815118.xls, Sheet1, 6, 1
11a10.xls, Sheet1, 8, data_8308780893815118.xls, Sheet1, 7, 1
11a10.xls, Sheet1, 9, data_8308780893815118.xls, Sheet1, 8, 1
11a10.xls, Sheet1, 10, data_8308780893815118.xls, Sheet1, 9, 1
11a10.xls, Sheet1, 11, data_8308780893815118.xls, Sheet1, 10, 1
11a10.xls, Sheet1, 12, data_8308780893815118.xls, Sheet1, 11, 1
11a10.xlsx, Sheet1, 0, data_44006252205795693.xls, Sheet1, 0, 1
11a10.xlsx, Sheet1, 1, data_44006252205795693.xls, Sheet1, 1, 1
11a10.xlsx, Sheet1, 3, data_44006252205795693.xls, Sheet1, 2, 1
11a10.xlsx, Sheet1, 4, data_44006252205795693.xls, Sheet1, 3, 1
11a10.xlsx, Sheet1, 5, data_44006252205795693.xls, Sheet1, 4, 1
11a10.xlsx, Sheet1, 6, data_44006252205795693.xls, Sheet1, 5, 1
11a10.xlsx, Sheet1, 7, data_44006252205795693.xls, Sheet1, 6, 1
11a10.xlsx, Sheet1, 8, data_44006252205795693.xls, Sheet1, 7, 1
11a10.xlsx, Sheet1, 10, data_44006252205795693.xls, Sheet1, 8, 1
11a10.xlsx, Sheet1, 11, data_44006252205795693.xls, Sheet1, 9, 1
11a10.xlsx, Sheet1, 12, data_44006252205795693.xls, Sheet1, 10, 1
1810.xls, Sheet1, 2, data_8613277115367362.xls, Sheet1, 0, 1
1910.xls, Sheet1, 2, data_2810035265516867.xls, Sheet1, 0, 1
201007_Wecoma_water_sample_bacteria_production.xls, metadata, 2, data_8888183188914088.xls, metadata, 0, 1
201007_Wecoma_water_sample_bacteria_production.xls, data, 0, data_8888183188914088.xls, data, 0, 1
201007_Wecoma_water_sample_bacteria_production.xls, data, 2, data_8888183188914088.xls, data, 1, 1
201007_Wecoma_water_sample_bacteria_production.xls, data, 3, data_8888183188914088.xls, data, 2, 1
201007_Wecoma_water_sample_dissolved_organic_carbon.xls, metadata, 2, data_06846113087686756.xls, metadata, 0, 1
201007_Wecoma_water_sample_dissolved_organic_carbon.xls, data, 1, data_06846113087686756.xls, data, 0, 1
201007_Wecoma_water_sample_particulate_organic_carbon_nitrogen.xls, metadata, 0, data_8216913914541966.xls, metadata, 0, 1
201007_Wecoma_water_sample_particulate_organic_carbon_nitrogen.xls, metadata, 1, data_8216913914541966.xls, metadata, 1, 1
201007_Wecoma_water_sample_particulate_organic_carbon_nitrogen.xls, metadata, 2, data_8216913914541966.xls, metadata, 2, 1
201007_Wecoma_water_sample_particulate_organic_carbon_nitrogen.xls, data, 0, data_8216913914541966.xls, data, 0, 1
201007_Wecoma_water_sample_particulate_organic_carbon_nitrogen.xls, data, 1, data_8216913914541966.xls, data, 1, 1
201007_Wecoma_water_sample_particulate_organic_carbon_nitrogen.xls, data, 5, data_8216913914541966.xls, data, 2, 1
201007_Wecoma_water_sample_suspended_particulate_matter_0.xls, metadata, 1, data_4387640598342736.xls, metadata, 0, 1
201007_Wecoma_water_sample_suspended_particulate_matter_0.xls, data, 0, data_4387640598342736.xls, data, 0, 1
201007_Wecoma_water_sample_suspended_particulate_matter_0.xls, data, 4, data_4387640598342736.xls, data, 1, 1
201007_Wecoma_water_sample_total_dissolved_nitrogen_phosphorous.xls, metadata, 1, data_5649215614386979.xls, metadata, 0, 1
201007_Wecoma_water_sample_total_dissolved_nitrogen_phosphorous.xls, metadata, 2, data_5649215614386979.xls, metadata, 1, 1
201007_Wecoma_water_sample_total_dissolved_nitrogen_phosphorous.xls, data, 0, data_5649215614386979.xls, data, 0, 1
201007_Wecoma_water_sample_total_dissolved_nitrogen_phosphorous.xls, data, 1, data_5649215614386979.xls, data, 1, 1
201007_Wecoma_water_sample_total_dissolved_nitrogen_phosphorous.xls, data, 2, data_5649215614386979.xls, data, 2, 1
2310.xls, Sheet1, 1, data_8225430730696277.xls, Sheet1, 0, 1
2310.xls, Sheet1, 2, data_8225430730696277.xls, Sheet1, 1, 1
2310.xls, Sheet1, 3, data_8225430730696277.xls, Sheet1, 2, 1
2310.xls, Sheet1, 4, data_8225430730696277.xls, Sheet1, 3, 1
2310.xls, Sheet1, 7, data_8225430730696277.xls, Sheet1, 4, 1
2310.xls, Sheet1, 8, data_8225430730696277.xls, Sheet1, 5, 1
2310.xls, Sheet1, 9, data_8225430730696277.xls, Sheet1, 6, 1
2610.xls, Sheet1, 2, data_7308595864831058.xls, Sheet1, 0, 1
26a10.xls, Sheet1, 0, data_19567125798421692.xls, Sheet1, 0, 1
26a10.xls, Sheet1, 1, data_19567125798421692.xls, Sheet1, 1, 1
26a10.xls, Sheet1, 2, data_19567125798421692.xls, Sheet1, 2, 1
26a10.xls, Sheet1, 3, data_19567125798421692.xls, Sheet1, 3, 1
26a10.xls, Sheet1, 4, data_19567125798421692.xls, Sheet1, 4, 1
910.xls, Sheet1, 10, data_6538410636963056.xls, Sheet1, 0, 1
910.xls, Sheet1, 12, data_6538410636963056.xls, Sheet1, 1, 1
910.xls, Sheet1, 13, data_6538410636963056.xls, Sheet1, 2, 1
Analytics_DNH_Research_Edition_Top_Events_20120118-20120119afxdrankalttry.xls, Analytics_DNH_Research_Edition_, 0, data_12477278988952212.xls, Analytics_DNH_Research_Edition_, 0, 1
Analytics_DNH_Research_Edition_Top_Events_20120118-20120119afxdrankalttry.xls, Analytics_DNH_Research_Edition_, 1, data_12477278988952212.xls, Analytics_DNH_Research_Edition_, 1, 1
Analytics_DNH_Research_Edition_Top_Events_20120118-20120119afxdrankalttry.xls, Analytics_DNH_Research_Edition_, 2, data_12477278988952212.xls, Analytics_DNH_Research_Edition_, 2, 1
Analytics_DNH_Research_Edition_Top_Events_20120118-20120119afxdrankalttry.xls, Analytics_DNH_Research_Edition_, 3, data_12477278988952212.xls, Analytics_DNH_Research_Edition_, 3, 1
Analytics_DNH_Research_Edition_Top_Events_20120118-20120119afxdrankalttry.xls, Analytics_DNH_Research_Edition_, 4, data_12477278988952212.xls, Analytics_DNH_Research_Edition_, 4, 1
Analytics_DNH_Research_Edition_Top_Events_20120118-20120119afxdrankalttry.xls, Analytics_DNH_Research_Edition_, 5, data_12477278988952212.xls, Analytics_DNH_Research_Edition_, 5, 1
Analytics_DNH_Research_Edition_Top_Events_20120118-20120119afxdrankalttry.xls, Analytics_DNH_Research_Edition_, 6, data_12477278988952212.xls, Analytics_DNH_Research_Edition_, 6, 1
Analytics_DNH_Research_Edition_Top_Events_20120118-20120119afxdrankalttry.xls, Analytics_DNH_Research_Edition_, 7, data_12477278988952212.xls, Analytics_DNH_Research_Edition_, 7, 1
Analytics_DNH_Research_Edition_Top_Events_20120118-20120119afxdrankalttry.xls, Analytics_DNH_Research_Edition_, 8, data_12477278988952212.xls, Analytics_DNH_Research_Edition_, 8, 1
Analytics_DNH_Research_Edition_Top_Events_20120118-20120119afxdrankalttry.xls, Analytics_DNH_Research_Edition_, 10, data_12477278988952212.xls, Analytics_DNH_Research_Edition_, 9, 1
Analytics_DNH_Research_Edition_Top_Events_20120118-20120119afxdrankalttry.xls, Analytics_DNH_Research_Edition_, 11, data_12477278988952212.xls, Analytics_DNH_Research_Edition_, 10, 1
Analytics_DNH_Research_Edition_Top_Events_20120118-20120119afxdrankalttry.xls, Analytics_DNH_Research_Edition_, 12, data_12477278988952212.xls, Analytics_DNH_Research_Edition_, 11, 1
Analytics_DNH_Research_Edition_Top_Events_20120118-20120119afxdrankalttry.xls, Analytics_DNH_Research_Edition_, 13, data_12477278988952212.xls, Analytics_DNH_Research_Edition_, 12, 1
Analytics_DNH_Research_Edition_Top_Events_20120118-20120119afxdrankalttry.xls, Analytics_DNH_Research_Edition_, 14, data_12477278988952212.xls, Analytics_DNH_Research_Edition_, 13, 1
Analytics_DNH_Research_Edition_Top_Events_20120118-20120119afxdrankalttry.xls, Analytics_DNH_Research_Edition_, 15, data_12477278988952212.xls, Analytics_DNH_Research_Edition_, 14, 1
Analytics_DNH_Research_Edition_Top_Events_20120118-20120119afxdrankalttry.xls, Analytics_DNH_Research_Edition_, 16, data_12477278988952212.xls, Analytics_DNH_Research_Edition_, 15, 1
Analytics_DNH_Research_Edition_Top_Events_20120118-20120119afxdrankalttry.xls, Analytics_DNH_Research_Edition_, 17, data_12477278988952212.xls, Analytics_DNH_Research_Edition_, 16, 1
Analytics_DNH_Research_Edition_Top_Events_20120118-20120119afxdrankalttry.xls, Analytics_DNH_Research_Edition_, 18, data_12477278988952212.xls, Analytics_DNH_Research_Edition_, 17, 1
Chl-Wecoma-Aug2010.xls, Sheet1, 3, data_18867763496831547.xls, Sheet1, 0, 1
CMOP_Cruise_July2010_correctedLydie24Mar2011.xls, dataLog, 0, data_7114421414485781.xls, dataLog, 0, 1
CMOP_Cruise_July2010_correctedLydie24Mar2011.xls, dataLog, 4, data_7114421414485781.xls, dataLog, 1, 1
CMOP_Cruise_July2010_correctedLydie24Mar2011.xls, dataLog, 5, data_7114421414485781.xls, dataLog, 2, 1
CMOP_Cruise_July2010_correctedLydie24Mar2011.xls, dataLog, 6, data_7114421414485781.xls, dataLog, 3, 1
CMOP_Cruise_July2010_correctedLydie24Mar2011.xls, dataLog, 7, data_7114421414485781.xls, dataLog, 4, 1
CMOP_Cruise_July2010_correctedLydie24Mar2011.xls, dataLog, 10, data_7114421414485781.xls, dataLog, 5, 1
CMOP_Cruise_July2010_correctedLydie24Mar2011.xls, dataLog, 11, data_7114421414485781.xls, dataLog, 6, 1
CMOP_Cruise_July2010_correctedLydie24Mar2011.xls, dataLog, 12, data_7114421414485781.xls, dataLog, 7, 1
CMOP_Cruise_July2010_correctedLydie24Mar2011.xls, dataLog, 13, data_7114421414485781.xls, dataLog, 8, 1
CMOP_Cruise_July2010_correctedLydie24Mar2011.xls, dataLog, 14, data_7114421414485781.xls, dataLog, 9, 1
CMOP_Cruise_July2010_correctedLydie24Mar2011.xls, dataLog, 15, data_7114421414485781.xls, dataLog, 10, 1
CMOP_Cruise_July2010_correctedLydie24Mar2011.xls, dataLog, 16, data_7114421414485781.xls, dataLog, 11, 1
CMOP_Cruise_July2010_correctedLydie24Mar2011.xls, dataLog, 18, data_7114421414485781.xls, dataLog, 12, 1
CMOP_Cruise_July2010_correctedLydie24Mar2011.xls, dataLog, 19, data_7114421414485781.xls, dataLog, 13, 1
CMOP_Cruise_July2010_correctedLydie24Mar2011.xls, dataLog, 21, data_7114421414485781.xls, dataLog, 14, 1
CMOP_Cruise_July2010_correctedLydie24Mar2011.xls, dataLog, 22, data_7114421414485781.xls, dataLog, 15, 1
CMOP_Cruise_July2010_correctedLydie24Mar2011.xls, dataLog, 23, data_7114421414485781.xls, dataLog, 16, 1
CMOP_Cruise_July2010_correctedLydie24Mar2011.xls, dataLog, 24, data_7114421414485781.xls, dataLog, 17, 1
CMOP_Cruise_July2010_correctedLydie24Mar2011.xls, dataLog, 25, data_7114421414485781.xls, dataLog, 18, 1
CMOP_Cruise_July2010_correctedLydie24Mar2011.xls, dataLog, 27, data_7114421414485781.xls, dataLog, 19, 1
CMOP_Cruise_July2010_correctedLydie24Mar2011.xls, dataLog, 29, data_7114421414485781.xls, dataLog, 20, 1
CMOP_Cruise_July2010_correctedLydie24Mar2011.xls, dataLog, 30, data_7114421414485781.xls, dataLog, 21, 1
CMOP_Cruise_July2010_correctedLydie24Mar2011.xls, dataLog, 32, data_7114421414485781.xls, dataLog, 22, 1
CMOP_Cruise_July2010_correctedLydie24Mar2011.xls, dataLog, 33, data_7114421414485781.xls, dataLog, 23, 1
CMOP_Cruise_July2010_correctedLydie24Mar2011.xls, dataLog, 34, data_7114421414485781.xls, dataLog, 24, 1
CMOP_Cruise_July2010_correctedLydie24Mar2011.xls, dataLog, 35, data_7114421414485781.xls, dataLog, 25, 1
CMOP_Cruise_July2010_correctedLydie24Mar2011.xls, dataLog, 36, data_7114421414485781.xls, dataLog, 26, 1
CMOP_Cruise_July2010_correctedLydie24Mar2011.xls, dataLog, 39, data_7114421414485781.xls, dataLog, 27, 1
CMOP_Cruise_July2010_correctedLydie24Mar2011.xls, dataLog, 40, data_7114421414485781.xls, dataLog, 28, 1
CMOP_Cruise_July2010_correctedLydie24Mar2011.xls, dataLog, 41, data_7114421414485781.xls, dataLog, 29, 1
CMOP_Cruise_July2010_correctedLydie24Mar2011.xls, dataLog, 42, data_7114421414485781.xls, dataLog, 30, 1
CMOP_Cruise_July2010_correctedLydie24Mar2011.xls, dataLog, 43, data_7114421414485781.xls, dataLog, 31, 1
dnhperftbls.xls, dnhperf, 1, data_8101734230000538.xls, dnhperf, 0, 1
dnhperftbls.xls, dnhperf, 2, data_8101734230000538.xls, dnhperf, 1, 1
dnhperftbls.xls, dnhperf, 5, data_8101734230000538.xls, dnhperf, 2, 1
dnhperftbls.xls, dnhperf, 6, data_8101734230000538.xls, dnhperf, 3, 1
dnhperftbls.xls, dnhperf, 7, data_8101734230000538.xls, dnhperf, 4, 1
dnhperftbls.xls, dnhperf, 8, data_8101734230000538.xls, dnhperf, 5, 1
dnhperftbls.xls, dnhperf, 9, data_8101734230000538.xls, dnhperf, 6, 1
dnhperftbls.xls, dnhperf, 10, data_8101734230000538.xls, dnhperf, 7, 1
dnhperftbls.xls, dnhperf, 11, data_8101734230000538.xls, dnhperf, 8, 1
dnhperftbls.xls, dnhperf, 15, data_8101734230000538.xls, dnhperf, 9, 1
dnhperftbls.xls, dnhperf, 16, data_8101734230000538.xls, dnhperf, 10, 1
dnhperftbls.xls, dnhperf, 17, data_8101734230000538.xls, dnhperf, 11, 1
dnhperftbls.xls, dnhperf, 19, data_8101734230000538.xls, dnhperf, 12, 1
dnhperftbls.xls, dnhperf, 20, data_8101734230000538.xls, dnhperf, 13, 1
dnhperftbls.xls, dnhperf, 23, data_8101734230000538.xls, dnhperf, 14, 1
dnhperftbls.xls, 8f relaxation, 7, data_8101734230000538.xls, 8f relaxation, 0, 1
dnhperftbls.xls, 8f variables, 0, data_8101734230000538.xls, 8f variables, 0, 1
dnhperftbls.xls, 8f variables, 7, data_8101734230000538.xls, 8f variables, 1, 1
dnhperftbls.xls, 8f variables, 8, data_8101734230000538.xls, 8f variables, 2, 1
dnhperftbls.xls, 8f variables, 18, data_8101734230000538.xls, 8f variables, 3, 1
dnhperftbls.xls, 8f variables, 19, data_8101734230000538.xls, 8f variables, 4, 1
dnhperftbls.xls, 8f variables, 27, data_8101734230000538.xls, 8f variables, 5, 1
dnhperftbls.xls, 8f variables, 28, data_8101734230000538.xls, 8f variables, 6, 1
dnhperftbls8f.xls, 8f relaxation, 0, data_15977447522624388.xls, 8f relaxation, 0, 1
dnhperftbls8f.xls, 8f relaxation, 6, data_15977447522624388.xls, 8f relaxation, 1, 1
dnhperftbls8f.xls, 8f relaxation, 7, data_15977447522624388.xls, 8f relaxation, 2, 1
dnhperftbls8f.xls, 8f relaxation, 8, data_15977447522624388.xls, 8f relaxation, 3, 1
dnhperftbls8f.xls, 8f relaxation, 10, data_15977447522624388.xls, 8f relaxation, 4, 1
dnhperftbls8f.xls, 8f relaxation, 12, data_15977447522624388.xls, 8f relaxation, 5, 1
dnhperftbls8f.xls, 8f relaxation, 17, data_15977447522624388.xls, 8f relaxation, 6, 1
dnhperftbls8f.xls, 8f relaxation, 19, data_15977447522624388.xls, 8f relaxation, 7, 1
dnhperftbls8f.xls, 8f relaxation, 20, data_15977447522624388.xls, 8f relaxation, 8, 1
dnhperftbls8f.xls, 8f relaxation, 21, data_15977447522624388.xls, 8f relaxation, 9, 1
dnhperftbls8f.xls, 8f relaxation, 24, data_15977447522624388.xls, 8f relaxation, 10, 1
dnhperftbls8f.xls, 8f relaxation, 25, data_15977447522624388.xls, 8f relaxation, 11, 1
dnhperftbls8f.xls, 8f relaxation, 27, data_15977447522624388.xls, 8f relaxation, 12, 1
GOA2007-Leg1-C14-071508.xls, 081807-LIGHTLEVELS, 0, data_8077643949610976.xls, 081807-LIGHTLEVELS, 0, 1
GOA2007-Leg1-C14-071508.xls, 081807-LIGHTLEVELS, 1, data_8077643949610976.xls, 081807-LIGHTLEVELS, 1, 1
GOA2007-Leg1-C14-071508.xls, 081807-LIGHTLEVELS, 3, data_8077643949610976.xls, 081807-LIGHTLEVELS, 2, 1
GOA2007-Leg1-C14-071508.xls, 081807-LIGHTLEVELS, 6, data_8077643949610976.xls, 081807-LIGHTLEVELS, 3, 1
GOA2007-Leg1-C14-071508.xls, 081807-LIGHTLEVELS, 7, data_8077643949610976.xls, 081807-LIGHTLEVELS, 4, 1
GOA2007-Leg1-C14-071508.xls, 081807-LIGHTLEVELS, 8, data_8077643949610976.xls, 081807-LIGHTLEVELS, 5, 1
GOA2007-Leg1-C14-071508.xls, CHLOROPHYLL, 1, data_8077643949610976.xls, CHLOROPHYLL, 0, 1
GOA2007-Leg1-C14-071508.xls, CHLOROPHYLL, 2, data_8077643949610976.xls, CHLOROPHYLL, 1, 1
GOA2007-Leg1-C14-071508.xls, CHLOROPHYLL, 3, data_8077643949610976.xls, CHLOROPHYLL, 2, 1
GOA2007-Leg1-C14-071508.xls, CHLOROPHYLL, 4, data_8077643949610976.xls, CHLOROPHYLL, 3, 1
GOA2007-Leg1-C14-071508.xls, CHLOROPHYLL, 5, data_8077643949610976.xls, CHLOROPHYLL, 4, 1
GOA2007-Leg1-C14-071508.xls, CHLOROPHYLL, 6, data_8077643949610976.xls, CHLOROPHYLL, 5, 1
GOA2007-Leg1-C14-071508.xls, CHLOROPHYLL, 8, data_8077643949610976.xls, CHLOROPHYLL, 6, 1
GOA2007-Leg1-C14-071508.xls, CHLOROPHYLL, 9, data_8077643949610976.xls, CHLOROPHYLL, 7, 1
GOA2007-Leg1-C14-071508.xls, CHLOROPHYLL, 10, data_8077643949610976.xls, CHLOROPHYLL, 8, 1
GOA2007-Leg1-C14-071508.xls, CHLOROPHYLL, 11, data_8077643949610976.xls, CHLOROPHYLL, 9, 1
GOA2007-Leg1-C14-071508.xls, CHLOROPHYLL, 12, data_8077643949610976.xls, CHLOROPHYLL, 10, 1
GOA2007-Leg1-C14-071508.xls, CHLOROPHYLL, 13, data_8077643949610976.xls, CHLOROPHYLL, 11, 1
GOA2007-Leg1-C14-071508.xls, CHLOROPHYLL, 14, data_8077643949610976.xls, CHLOROPHYLL, 12, 1
GOA2007-Leg1-C14-071508.xls, CHLOROPHYLL, 15, data_8077643949610976.xls, CHLOROPHYLL, 13, 1
GOA2007-Leg1-C14-071508.xls, CHLOROPHYLL, 16, data_8077643949610976.xls, CHLOROPHYLL, 14, 1
GOA2007-Leg1-C14-071508.xls, SUMMARY CTD, 2, data_8077643949610976.xls, SUMMARY CTD, 0, 1
GOA2007-Leg1-C14-071508.xls, SUMMARY CTD, 5, data_8077643949610976.xls, SUMMARY CTD, 1, 1
GOA2007-Leg1-C14-071508.xls, SUMMARY CTD, 16, data_8077643949610976.xls, SUMMARY CTD, 2, 1
GOA2007-Leg1-C14-071508.xls, SUMMARY CTD, 17, data_8077643949610976.xls, SUMMARY CTD, 3, 1
GOA2007-Leg1-C14-071508.xls, SUMMARY CTD, 18, data_8077643949610976.xls, SUMMARY CTD, 4, 1
GOA2007-Leg1-C14-071508.xls, SUMMARY CTD, 19, data_8077643949610976.xls, SUMMARY CTD, 5, 1
GOA2007-Leg1-C14-071508.xls, C001, 0, data_8077643949610976.xls, C001, 0, 1
GOA2007-Leg1-C14-071508.xls, C001, 1, data_8077643949610976.xls, C001, 1, 1
GOA2007-Leg1-C14-071508.xls, C001, 2, data_8077643949610976.xls, C001, 2, 1
GOA2007-Leg1-C14-071508.xls, C007, 0, data_8077643949610976.xls, C007, 0, 1
GOA2007-Leg1-C14-071508.xls, C007, 1, data_8077643949610976.xls, C007, 1, 1
GOA2007-Leg1-C14-071508.xls, C007, 2, data_8077643949610976.xls, C007, 2, 1
GOA2007-Leg1-C14-071508.xls, C007, 4, data_8077643949610976.xls, C007, 3, 1
GOA2007-Leg1-C14-071508.xls, C012, 3, data_8077643949610976.xls, C012, 0, 1
GOA2007-Leg1-C14-071508.xls, C017, 1, data_8077643949610976.xls, C017, 0, 1
GOA2007-Leg1-C14-071508.xls, C017, 3, data_8077643949610976.xls, C017, 1, 1
GOA2007-Leg1-C14-071508.xls, C019, 1, data_8077643949610976.xls, C019, 0, 1
GOA2007-Leg1-C14-071508.xls, C019, 2, data_8077643949610976.xls, C019, 1, 1
GOA2007-Leg1-C14-071508.xls, C019, 3, data_8077643949610976.xls, C019, 2, 1
GOA2007-Leg1-C14-071508.xls, C023, 0, data_8077643949610976.xls, C023, 0, 1
GOA2007-Leg1-C14-071508.xls, C023, 1, data_8077643949610976.xls, C023, 1, 1
GOA2007-Leg1-C14-071508.xls, C023, 2, data_8077643949610976.xls, C023, 2, 1
GOA2007-Leg1-C14-071508.xls, C023, 3, data_8077643949610976.xls, C023, 3, 1
GOA2007-Leg1-C14-071508.xls, C024,C025, 3, data_8077643949610976.xls, C024,C025, 0, 1
GOA2007-Leg1-C14-071508.xls, C027, 3, data_8077643949610976.xls, C027, 0, 1
GOA2007-Leg1-C14-071508.xls, C029, 0, data_8077643949610976.xls, C029, 0, 1
GOA2007-Leg1-C14-071508.xls, C029, 2, data_8077643949610976.xls, C029, 1, 1
GOA2007-Leg1-C14-071508.xls, C029, 3, data_8077643949610976.xls, C029, 2, 1
GOA2007-Leg1-C14-071508.xls, C029, 4, data_8077643949610976.xls, C029, 3, 1
GOA2007-Leg1-C14-071508.xls, C030, 0, data_8077643949610976.xls, C030, 0, 1
GOA2007-Leg1-C14-071508.xls, C030, 1, data_8077643949610976.xls, C030, 1, 1
GOA2007-Leg1-C14-071508.xls, C031, 0, data_8077643949610976.xls, C031, 0, 1
GOA2007-Leg1-C14-071508.xls, C031, 1, data_8077643949610976.xls, C031, 1, 1
GOA2007-Leg1-C14-071508.xls, C031, 2, data_8077643949610976.xls, C031, 2, 1
GOA2007-Leg1-C14-071508.xls, C031, 3, data_8077643949610976.xls, C031, 3, 1
GOA2007-Leg1-C14-071508.xls, C031, 4, data_8077643949610976.xls, C031, 4, 1
GOA2007-Leg1-C14-071508.xls, HNLCG1, 3, data_8077643949610976.xls, HNLCG1, 0, 1
GOA2007-Leg1-C14-071508.xls, HNLCG1, 4, data_8077643949610976.xls, HNLCG1, 1, 1
GOA2007-Leg1-C14-071508.xls, PE1--CG1D0, 5, data_8077643949610976.xls, PE1--CG1D0, 0, 1
GOA2007-Leg1-C14-071508.xls, PE-C001, 3, data_8077643949610976.xls, PE-C001, 0, 1
GOA2007-Leg1-C14-071508.xls, PE-C003, 0, data_8077643949610976.xls, PE-C003, 0, 1
GOA2007-Leg1-C14-071508.xls, PE-C007, 0, data_8077643949610976.xls, PE-C007, 0, 1
GOA2007-Leg1-C14-071508.xls, PE-C007, 1, data_8077643949610976.xls, PE-C007, 1, 1
GOA2007-Leg1-C14-071508.xls, PE-C007, 2, data_8077643949610976.xls, PE-C007, 2, 1
GOA2007-Leg1-C14-071508.xls, PE-C007, 3, data_8077643949610976.xls, PE-C007, 3, 1
GOA2007-Leg1-C14-071508.xls, PE-C007, 4, data_8077643949610976.xls, PE-C007, 4, 1
GOA2007-Leg1-C14-071508.xls, PE-C007, 5, data_8077643949610976.xls, PE-C007, 5, 1
GOA2007-Leg1-C14-071508.xls, PE-C012, 0, data_8077643949610976.xls, PE-C012, 0, 1
GOA2007-Leg1-C14-071508.xls, PE-C012, 1, data_8077643949610976.xls, PE-C012, 1, 1
GOA2007-Leg1-C14-071508.xls, PE-C012, 2, data_8077643949610976.xls, PE-C012, 2, 1
GOA2007-Leg1-C14-071508.xls, PE-C012, 3, data_8077643949610976.xls, PE-C012, 3, 1
GOA2007-Leg1-C14-071508.xls, PE-C012, 4, data_8077643949610976.xls, PE-C012, 4, 1
GOA2007-Leg1-C14-071508.xls, PE-C017, 1, data_8077643949610976.xls, PE-C017, 0, 1
GOA2007-Leg1-C14-071508.xls, PE-C017, 2, data_8077643949610976.xls, PE-C017, 1, 1
GOA2007-Leg1-C14-071508.xls, PE-C017, 3, data_8077643949610976.xls, PE-C017, 2, 1
GOA2007-Leg1-C14-071508.xls, PE-C017, 4, data_8077643949610976.xls, PE-C017, 3, 1
GOA2007-Leg1-C14-071508.xls, PE-C019, 3, data_8077643949610976.xls, PE-C019, 0, 1
GOA2007-Leg1-C14-071508.xls, PE-C023, 1, data_8077643949610976.xls, PE-C023, 0, 1
GOA2007-Leg1-C14-071508.xls, HNLCG1-PE, 3, data_8077643949610976.xls, HNLCG1-PE, 0, 1
GOA2007-Leg1-C14-071508.xls, HNLCG1-D5, 4, data_8077643949610976.xls, HNLCG1-D5, 0, 1
GOA2007-Leg1-C14-071508.xls, PE-GAC1, 3, data_8077643949610976.xls, PE-GAC1, 0, 1
GOA2007-Leg1-C14-071508.xls, PE-GAC6, 0, data_8077643949610976.xls, PE-GAC6, 0, 1
GOA2007-Leg1-C14-071508.xls, PE-GAC6, 3, data_8077643949610976.xls, PE-GAC6, 1, 1
GOA2007-Leg1-C14-071508.xls, PE-GAC10, 0, data_8077643949610976.xls, PE-GAC10, 0, 1
GOA2007-Leg1-C14-071508.xls, PE-C031, 1, data_8077643949610976.xls, PE-C031, 0, 1
GOA2007-Leg1-C14-071508.xls, PE-C031, 3, data_8077643949610976.xls, PE-C031, 1, 1
GOA2007-Leg1-C14-backup.xls, 081807-LIGHTLEVELS, 1, data_11074231637984289.xls, 081807-LIGHTLEVELS, 0, 1
GOA2007-Leg1-C14-backup.xls, 081807-LIGHTLEVELS, 4, data_11074231637984289.xls, 081807-LIGHTLEVELS, 1, 1
GOA2007-Leg1-C14-backup.xls, 081807-LIGHTLEVELS, 6, data_11074231637984289.xls, 081807-LIGHTLEVELS, 2, 1
GOA2007-Leg1-C14-backup.xls, 081807-LIGHTLEVELS, 7, data_11074231637984289.xls, 081807-LIGHTLEVELS, 3, 1
GOA2007-Leg1-C14-backup.xls, CHLOROPHYLL, 0, data_11074231637984289.xls, CHLOROPHYLL, 0, 1
GOA2007-Leg1-C14-backup.xls, CHLOROPHYLL, 1, data_11074231637984289.xls, CHLOROPHYLL, 1, 1
GOA2007-Leg1-C14-backup.xls, CHLOROPHYLL, 3, data_11074231637984289.xls, CHLOROPHYLL, 2, 1
GOA2007-Leg1-C14-backup.xls, CHLOROPHYLL, 4, data_11074231637984289.xls, CHLOROPHYLL, 3, 1
GOA2007-Leg1-C14-backup.xls, CHLOROPHYLL, 5, data_11074231637984289.xls, CHLOROPHYLL, 4, 1
GOA2007-Leg1-C14-backup.xls, CHLOROPHYLL, 6, data_11074231637984289.xls, CHLOROPHYLL, 5, 1
GOA2007-Leg1-C14-backup.xls, CHLOROPHYLL, 8, data_11074231637984289.xls, CHLOROPHYLL, 6, 1
GOA2007-Leg1-C14-backup.xls, CHLOROPHYLL, 10, data_11074231637984289.xls, CHLOROPHYLL, 7, 1
GOA2007-Leg1-C14-backup.xls, CHLOROPHYLL, 11, data_11074231637984289.xls, CHLOROPHYLL, 8, 1
GOA2007-Leg1-C14-backup.xls, CHLOROPHYLL, 12, data_11074231637984289.xls, CHLOROPHYLL, 9, 1
GOA2007-Leg1-C14-backup.xls, CHLOROPHYLL, 13, data_11074231637984289.xls, CHLOROPHYLL, 10, 1
GOA2007-Leg1-C14-backup.xls, CHLOROPHYLL, 14, data_11074231637984289.xls, CHLOROPHYLL, 11, 1
GOA2007-Leg1-C14-backup.xls, CHLOROPHYLL, 16, data_11074231637984289.xls, CHLOROPHYLL, 12, 1
GOA2007-Leg1-C14-backup.xls, SUMMARY CTD, 0, data_11074231637984289.xls, SUMMARY CTD, 0, 1
GOA2007-Leg1-C14-backup.xls, SUMMARY CTD, 1, data_11074231637984289.xls, SUMMARY CTD, 1, 1
GOA2007-Leg1-C14-backup.xls, SUMMARY CTD, 2, data_11074231637984289.xls, SUMMARY CTD, 2, 1
GOA2007-Leg1-C14-backup.xls, SUMMARY CTD, 3, data_11074231637984289.xls, SUMMARY CTD, 3, 1
GOA2007-Leg1-C14-backup.xls, SUMMARY CTD, 4, data_11074231637984289.xls, SUMMARY CTD, 4, 1
GOA2007-Leg1-C14-backup.xls, SUMMARY CTD, 5, data_11074231637984289.xls, SUMMARY CTD, 5, 1
GOA2007-Leg1-C14-backup.xls, SUMMARY CTD, 6, data_11074231637984289.xls, SUMMARY CTD, 6, 1
GOA2007-Leg1-C14-backup.xls, SUMMARY CTD, 7, data_11074231637984289.xls, SUMMARY CTD, 7, 1
GOA2007-Leg1-C14-backup.xls, SUMMARY CTD, 8, data_11074231637984289.xls, SUMMARY CTD, 8, 1
GOA2007-Leg1-C14-backup.xls, SUMMARY CTD, 9, data_11074231637984289.xls, SUMMARY CTD, 9, 1
GOA2007-Leg1-C14-backup.xls, SUMMARY CTD, 10, data_11074231637984289.xls, SUMMARY CTD, 10, 1
GOA2007-Leg1-C14-backup.xls, SUMMARY CTD, 11, data_11074231637984289.xls, SUMMARY CTD, 11, 1
GOA2007-Leg1-C14-backup.xls, SUMMARY CTD, 12, data_11074231637984289.xls, SUMMARY CTD, 12, 1
GOA2007-Leg1-C14-backup.xls, SUMMARY CTD, 13, data_11074231637984289.xls, SUMMARY CTD, 13, 1
GOA2007-Leg1-C14-backup.xls, SUMMARY CTD, 14, data_11074231637984289.xls, SUMMARY CTD, 14, 1
GOA2007-Leg1-C14-backup.xls, SUMMARY CTD, 15, data_11074231637984289.xls, SUMMARY CTD, 15, 1
GOA2007-Leg1-C14-backup.xls, SUMMARY CTD, 17, data_11074231637984289.xls, SUMMARY CTD, 16, 1
GOA2007-Leg1-C14-backup.xls, SUMMARY CTD, 18, data_11074231637984289.xls, SUMMARY CTD, 17, 1
GOA2007-Leg1-C14-backup.xls, SUMMARY CTD, 19, data_11074231637984289.xls, SUMMARY CTD, 18, 1
GOA2007-Leg1-C14-backup.xls, SUMMARY CTD, 20, data_11074231637984289.xls, SUMMARY CTD, 19, 1
GOA2007-Leg1-C14-backup.xls, C001, 0, data_11074231637984289.xls, C001, 0, 1
GOA2007-Leg1-C14-backup.xls, C001, 1, data_11074231637984289.xls, C001, 1, 1
GOA2007-Leg1-C14-backup.xls, C001, 2, data_11074231637984289.xls, C001, 2, 1
GOA2007-Leg1-C14-backup.xls, C001, 3, data_11074231637984289.xls, C001, 3, 1
GOA2007-Leg1-C14-backup.xls, C001, 4, data_11074231637984289.xls, C001, 4, 1
GOA2007-Leg1-C14-backup.xls, C007, 1, data_11074231637984289.xls, C007, 0, 1
GOA2007-Leg1-C14-backup.xls, C007, 2, data_11074231637984289.xls, C007, 1, 1
GOA2007-Leg1-C14-backup.xls, C007, 4, data_11074231637984289.xls, C007, 2, 1
GOA2007-Leg1-C14-backup.xls, C012, 0, data_11074231637984289.xls, C012, 0, 1
GOA2007-Leg1-C14-backup.xls, C012, 1, data_11074231637984289.xls, C012, 1, 1
GOA2007-Leg1-C14-backup.xls, C012, 2, data_11074231637984289.xls, C012, 2, 1
GOA2007-Leg1-C14-backup.xls, C012, 3, data_11074231637984289.xls, C012, 3, 1
GOA2007-Leg1-C14-backup.xls, C012, 4, data_11074231637984289.xls, C012, 4, 1
GOA2007-Leg1-C14-backup.xls, C017, 1, data_11074231637984289.xls, C017, 0, 1
GOA2007-Leg1-C14-backup.xls, C019, 4, data_11074231637984289.xls, C019, 0, 1
GOA2007-Leg1-C14-backup.xls, C023, 0, data_11074231637984289.xls, C023, 0, 1
GOA2007-Leg1-C14-backup.xls, C024,C025, 1, data_11074231637984289.xls, C024,C025, 0, 1
GOA2007-Leg1-C14-backup.xls, C024,C025, 2, data_11074231637984289.xls, C024,C025, 1, 1
GOA2007-Leg1-C14-backup.xls, C027, 0, data_11074231637984289.xls, C027, 0, 1
GOA2007-Leg1-C14-backup.xls, C027, 1, data_11074231637984289.xls, C027, 1, 1
GOA2007-Leg1-C14-backup.xls, C027, 2, data_11074231637984289.xls, C027, 2, 1
GOA2007-Leg1-C14-backup.xls, C027, 3, data_11074231637984289.xls, C027, 3, 1
GOA2007-Leg1-C14-backup.xls, C029, 0, data_11074231637984289.xls, C029, 0, 1
GOA2007-Leg1-C14-backup.xls, C029, 1, data_11074231637984289.xls, C029, 1, 1
GOA2007-Leg1-C14-backup.xls, C029, 2, data_11074231637984289.xls, C029, 2, 1
GOA2007-Leg1-C14-backup.xls, C029, 4, data_11074231637984289.xls, C029, 3, 1
GOA2007-Leg1-C14-backup.xls, C030, 3, data_11074231637984289.xls, C030, 0, 1
GOA2007-Leg1-C14-backup.xls, C031, 1, data_11074231637984289.xls, C031, 0, 1
GOA2007-Leg1-C14-backup.xls, C031, 2, data_11074231637984289.xls, C031, 1, 1
GOA2007-Leg1-C14-backup.xls, HNLCG1, 0, data_11074231637984289.xls, HNLCG1, 0, 1
GOA2007-Leg1-C14-backup.xls, HNLCG1, 1, data_11074231637984289.xls, HNLCG1, 1, 1
GOA2007-Leg1-C14-backup.xls, HNLCG1, 2, data_11074231637984289.xls, HNLCG1, 2, 1
GOA2007-Leg1-C14-backup.xls, HNLCG1, 3, data_11074231637984289.xls, HNLCG1, 3, 1
GOA2007-Leg1-C14-backup.xls, HNLCG1, 4, data_11074231637984289.xls, HNLCG1, 4, 1
GOA2007-Leg1-C14-backup.xls, PE1--CG1D0, 2, data_11074231637984289.xls, PE1--CG1D0, 0, 1
GOA2007-Leg1-C14-backup.xls, PE1--CG1D0, 7, data_11074231637984289.xls, PE1--CG1D0, 1, 1
GOA2007-Leg1-C14-backup.xls, PE-C001, 0, data_11074231637984289.xls, PE-C001, 0, 1
GOA2007-Leg1-C14-backup.xls, PE-C003, 0, data_11074231637984289.xls, PE-C003, 0, 1
GOA2007-Leg1-C14-backup.xls, PE-C003, 2, data_11074231637984289.xls, PE-C003, 1, 1
GOA2007-Leg1-C14-backup.xls, PE-C007, 5, data_11074231637984289.xls, PE-C007, 0, 1
GOA2007-Leg1-C14-backup.xls, PE-C012, 2, data_11074231637984289.xls, PE-C012, 0, 1
GOA2007-Leg1-C14-backup.xls, PE-C012, 3, data_11074231637984289.xls, PE-C012, 1, 1
GOA2007-Leg1-C14-backup.xls, PE-C012, 4, data_11074231637984289.xls, PE-C012, 2, 1
GOA2007-Leg1-C14-backup.xls, PE-C017, 0, data_11074231637984289.xls, PE-C017, 0, 1
GOA2007-Leg1-C14-backup.xls, PE-C017, 3, data_11074231637984289.xls, PE-C017, 1, 1
GOA2007-Leg1-C14-backup.xls, PE-C017, 4, data_11074231637984289.xls, PE-C017, 2, 1
GOA2007-Leg1-C14-backup.xls, PE-C019, 0, data_11074231637984289.xls, PE-C019, 0, 1
GOA2007-Leg1-C14-backup.xls, PE-C019, 3, data_11074231637984289.xls, PE-C019, 1, 1
GOA2007-Leg1-C14-backup.xls, PE-C023, 0, data_11074231637984289.xls, PE-C023, 0, 1
GOA2007-Leg1-C14-backup.xls, PE-C023, 1, data_11074231637984289.xls, PE-C023, 1, 1
GOA2007-Leg1-C14-backup.xls, PE-C023, 2, data_11074231637984289.xls, PE-C023, 2, 1
GOA2007-Leg1-C14-backup.xls, PE-C023, 3, data_11074231637984289.xls, PE-C023, 3, 1
GOA2007-Leg1-C14-backup.xls, PE-C023, 4, data_11074231637984289.xls, PE-C023, 4, 1
GOA2007-Leg1-C14-backup.xls, HNLCG1-PE, 2, data_11074231637984289.xls, HNLCG1-PE, 0, 1
GOA2007-Leg1-C14-backup.xls, HNLCG1-D5, 1, data_11074231637984289.xls, HNLCG1-D5, 0, 1
GOA2007-Leg1-C14-backup.xls, HNLCG1-D5, 2, data_11074231637984289.xls, HNLCG1-D5, 1, 1
GOA2007-Leg1-C14-backup.xls, HNLCG1-D5, 3, data_11074231637984289.xls, HNLCG1-D5, 2, 1
GOA2007-Leg1-C14-backup.xls, HNLCG1-D5, 4, data_11074231637984289.xls, HNLCG1-D5, 3, 1
GOA2007-Leg1-C14-backup.xls, PE-GAC1, 0, data_11074231637984289.xls, PE-GAC1, 0, 1
GOA2007-Leg1-C14-backup.xls, PE-GAC1, 1, data_11074231637984289.xls, PE-GAC1, 1, 1
GOA2007-Leg1-C14-backup.xls, PE-GAC1, 2, data_11074231637984289.xls, PE-GAC1, 2, 1
GOA2007-Leg1-C14-backup.xls, PE-GAC1, 3, data_11074231637984289.xls, PE-GAC1, 3, 1
GOA2007-Leg1-C14-backup.xls, PE-GAC6, 1, data_11074231637984289.xls, PE-GAC6, 0, 1
GOA2007-Leg1-C14-backup.xls, PE-GAC10, 3, data_11074231637984289.xls, PE-GAC10, 0, 1
GOA2007-Leg1-C14-backup.xls, PE-C031, 1, data_11074231637984289.xls, PE-C031, 0, 1
GOA2007-Leg1-C14-backup.xls, PE-C031, 2, data_11074231637984289.xls, PE-C031, 1, 1
GOA2007-Leg1-C14-backup.xls, PE-C031, 3, data_11074231637984289.xls, PE-C031, 2, 1
GOA2007-Leg1-C14-backup.xls, PE-C031, 5, data_11074231637984289.xls, PE-C031, 3, 1
GOA2007-Leg1-C14.xls, 081807-LIGHTLEVELS, 2, data_5676366396841972.xls, 081807-LIGHTLEVELS, 0, 1
GOA2007-Leg1-C14.xls, 081807-LIGHTLEVELS, 3, data_5676366396841972.xls, 081807-LIGHTLEVELS, 1, 1
GOA2007-Leg1-C14.xls, 081807-LIGHTLEVELS, 4, data_5676366396841972.xls, 081807-LIGHTLEVELS, 2, 1
GOA2007-Leg1-C14.xls, 081807-LIGHTLEVELS, 6, data_5676366396841972.xls, 081807-LIGHTLEVELS, 3, 1
GOA2007-Leg1-C14.xls, 081807-LIGHTLEVELS, 7, data_5676366396841972.xls, 081807-LIGHTLEVELS, 4, 1
GOA2007-Leg1-C14.xls, CHLOROPHYLL, 6, data_5676366396841972.xls, CHLOROPHYLL, 0, 1
GOA2007-Leg1-C14.xls, SUMMARY CTD, 0, data_5676366396841972.xls, SUMMARY CTD, 0, 1
GOA2007-Leg1-C14.xls, SUMMARY CTD, 2, data_5676366396841972.xls, SUMMARY CTD, 1, 1
GOA2007-Leg1-C14.xls, SUMMARY CTD, 3, data_5676366396841972.xls, SUMMARY CTD, 2, 1
GOA2007-Leg1-C14.xls, SUMMARY CTD, 4, data_5676366396841972.xls, SUMMARY CTD, 3, 1
GOA2007-Leg1-C14.xls, SUMMARY CTD, 5, data_5676366396841972.xls, SUMMARY CTD, 4, 1
GOA2007-Leg1-C14.xls, SUMMARY CTD, 6, data_5676366396841972.xls, SUMMARY CTD, 5, 1
GOA2007-Leg1-C14.xls, SUMMARY CTD, 8, data_5676366396841972.xls, SUMMARY CTD, 6, 1
GOA2007-Leg1-C14.xls, SUMMARY CTD, 10, data_5676366396841972.xls, SUMMARY CTD, 7, 1
GOA2007-Leg1-C14.xls, SUMMARY CTD, 11, data_5676366396841972.xls, SUMMARY CTD, 8, 1
GOA2007-Leg1-C14.xls, SUMMARY CTD, 12, data_5676366396841972.xls, SUMMARY CTD, 9, 1
GOA2007-Leg1-C14.xls, SUMMARY CTD, 13, data_5676366396841972.xls, SUMMARY CTD, 10, 1
GOA2007-Leg1-C14.xls, SUMMARY CTD, 14, data_5676366396841972.xls, SUMMARY CTD, 11, 1
GOA2007-Leg1-C14.xls, SUMMARY CTD, 15, data_5676366396841972.xls, SUMMARY CTD, 12, 1
GOA2007-Leg1-C14.xls, SUMMARY CTD, 16, data_5676366396841972.xls, SUMMARY CTD, 13, 1
GOA2007-Leg1-C14.xls, SUMMARY CTD, 17, data_5676366396841972.xls, SUMMARY CTD, 14, 1
GOA2007-Leg1-C14.xls, SUMMARY CTD, 18, data_5676366396841972.xls, SUMMARY CTD, 15, 1
GOA2007-Leg1-C14.xls, SUMMARY CTD, 19, data_5676366396841972.xls, SUMMARY CTD, 16, 1
GOA2007-Leg1-C14.xls, SUMMARY CTD, 20, data_5676366396841972.xls, SUMMARY CTD, 17, 1
GOA2007-Leg1-C14.xls, C001, 0, data_5676366396841972.xls, C001, 0, 1
GOA2007-Leg1-C14.xls, C001, 1, data_5676366396841972.xls, C001, 1, 1
GOA2007-Leg1-C14.xls, C001, 2, data_5676366396841972.xls, C001, 2, 1
GOA2007-Leg1-C14.xls, C001, 3, data_5676366396841972.xls, C001, 3, 1
GOA2007-Leg1-C14.xls, C001, 4, data_5676366396841972.xls, C001, 4, 1
GOA2007-Leg1-C14.xls, C007, 0, data_5676366396841972.xls, C007, 0, 1
GOA2007-Leg1-C14.xls, C007, 1, data_5676366396841972.xls, C007, 1, 1
GOA2007-Leg1-C14.xls, C007, 2, data_5676366396841972.xls, C007, 2, 1
GOA2007-Leg1-C14.xls, C007, 3, data_5676366396841972.xls, C007, 3, 1
GOA2007-Leg1-C14.xls, C007, 4, data_5676366396841972.xls, C007, 4, 1
GOA2007-Leg1-C14.xls, C012, 0, data_5676366396841972.xls, C012, 0, 1
GOA2007-Leg1-C14.xls, C012, 2, data_5676366396841972.xls, C012, 1, 1
GOA2007-Leg1-C14.xls, C012, 3, data_5676366396841972.xls, C012, 2, 1
GOA2007-Leg1-C14.xls, C012, 4, data_5676366396841972.xls, C012, 3, 1
GOA2007-Leg1-C14.xls, C017, 0, data_5676366396841972.xls, C017, 0, 1
GOA2007-Leg1-C14.xls, C017, 1, data_5676366396841972.xls, C017, 1, 1
GOA2007-Leg1-C14.xls, C017, 2, data_5676366396841972.xls, C017, 2, 1
GOA2007-Leg1-C14.xls, C017, 3, data_5676366396841972.xls, C017, 3, 1
GOA2007-Leg1-C14.xls, C019, 4, data_5676366396841972.xls, C019, 0, 1
GOA2007-Leg1-C14.xls, C023, 0, data_5676366396841972.xls, C023, 0, 1
GOA2007-Leg1-C14.xls, C023, 1, data_5676366396841972.xls, C023, 1, 1
GOA2007-Leg1-C14.xls, C023, 2, data_5676366396841972.xls, C023, 2, 1
GOA2007-Leg1-C14.xls, C023, 3, data_5676366396841972.xls, C023, 3, 1
GOA2007-Leg1-C14.xls, C024,C025, 3, data_5676366396841972.xls, C024,C025, 0, 1
GOA2007-Leg1-C14.xls, C027, 1, data_5676366396841972.xls, C027, 0, 1
GOA2007-Leg1-C14.xls, C027, 2, data_5676366396841972.xls, C027, 1, 1
GOA2007-Leg1-C14.xls, C029, 0, data_5676366396841972.xls, C029, 0, 1
GOA2007-Leg1-C14.xls, C029, 1, data_5676366396841972.xls, C029, 1, 1
GOA2007-Leg1-C14.xls, C029, 2, data_5676366396841972.xls, C029, 2, 1
GOA2007-Leg1-C14.xls, C029, 3, data_5676366396841972.xls, C029, 3, 1
GOA2007-Leg1-C14.xls, C029, 4, data_5676366396841972.xls, C029, 4, 1
GOA2007-Leg1-C14.xls, C030, 4, data_5676366396841972.xls, C030, 0, 1
GOA2007-Leg1-C14.xls, C031, 0, data_5676366396841972.xls, C031, 0, 1
GOA2007-Leg1-C14.xls, C031, 2, data_5676366396841972.xls, C031, 1, 1
GOA2007-Leg1-C14.xls, C031, 4, data_5676366396841972.xls, C031, 2, 1
GOA2007-Leg1-C14.xls, HNLCG1, 0, data_5676366396841972.xls, HNLCG1, 0, 1
GOA2007-Leg1-C14.xls, HNLCG1, 1, data_5676366396841972.xls, HNLCG1, 1, 1
GOA2007-Leg1-C14.xls, HNLCG1, 3, data_5676366396841972.xls, HNLCG1, 2, 1
GOA2007-Leg1-C14.xls, HNLCG1, 4, data_5676366396841972.xls, HNLCG1, 3, 1
GOA2007-Leg1-C14.xls, PE1--CG1D0, 1, data_5676366396841972.xls, PE1--CG1D0, 0, 1
GOA2007-Leg1-C14.xls, PE-C001, 0, data_5676366396841972.xls, PE-C001, 0, 1
GOA2007-Leg1-C14.xls, PE-C001, 1, data_5676366396841972.xls, PE-C001, 1, 1
GOA2007-Leg1-C14.xls, PE-C001, 2, data_5676366396841972.xls, PE-C001, 2, 1
GOA2007-Leg1-C14.xls, PE-C001, 3, data_5676366396841972.xls, PE-C001, 3, 1
GOA2007-Leg1-C14.xls, PE-C003, 0, data_5676366396841972.xls, PE-C003, 0, 1
GOA2007-Leg1-C14.xls, PE-C003, 1, data_5676366396841972.xls, PE-C003, 1, 1
GOA2007-Leg1-C14.xls, PE-C003, 2, data_5676366396841972.xls, PE-C003, 2, 1
GOA2007-Leg1-C14.xls, PE-C007, 0, data_5676366396841972.xls, PE-C007, 0, 1
GOA2007-Leg1-C14.xls, PE-C007, 1, data_5676366396841972.xls, PE-C007, 1, 1
GOA2007-Leg1-C14.xls, PE-C007, 2, data_5676366396841972.xls, PE-C007, 2, 1
GOA2007-Leg1-C14.xls, PE-C007, 3, data_5676366396841972.xls, PE-C007, 3, 1
GOA2007-Leg1-C14.xls, PE-C007, 4, data_5676366396841972.xls, PE-C007, 4, 1
GOA2007-Leg1-C14.xls, PE-C007, 5, data_5676366396841972.xls, PE-C007, 5, 1
GOA2007-Leg1-C14.xls, PE-C012, 0, data_5676366396841972.xls, PE-C012, 0, 1
GOA2007-Leg1-C14.xls, PE-C012, 2, data_5676366396841972.xls, PE-C012, 1, 1
GOA2007-Leg1-C14.xls, PE-C012, 3, data_5676366396841972.xls, PE-C012, 2, 1
GOA2007-Leg1-C14.xls, PE-C012, 4, data_5676366396841972.xls, PE-C012, 3, 1
GOA2007-Leg1-C14.xls, PE-C017, 2, data_5676366396841972.xls, PE-C017, 0, 1
GOA2007-Leg1-C14.xls, PE-C019, 0, data_5676366396841972.xls, PE-C019, 0, 1
GOA2007-Leg1-C14.xls, PE-C019, 1, data_5676366396841972.xls, PE-C019, 1, 1
GOA2007-Leg1-C14.xls, PE-C019, 3, data_5676366396841972.xls, PE-C019, 2, 1
GOA2007-Leg1-C14.xls, PE-C023, 0, data_5676366396841972.xls, PE-C023, 0, 1
GOA2007-Leg1-C14.xls, PE-C023, 1, data_5676366396841972.xls, PE-C023, 1, 1
GOA2007-Leg1-C14.xls, PE-C023, 2, data_5676366396841972.xls, PE-C023, 2, 1
GOA2007-Leg1-C14.xls, PE-C023, 3, data_5676366396841972.xls, PE-C023, 3, 1
GOA2007-Leg1-C14.xls, PE-C023, 4, data_5676366396841972.xls, PE-C023, 4, 1
GOA2007-Leg1-C14.xls, HNLCG1-PE, 0, data_5676366396841972.xls, HNLCG1-PE, 0, 1
GOA2007-Leg1-C14.xls, HNLCG1-PE, 1, data_5676366396841972.xls, HNLCG1-PE, 1, 1
GOA2007-Leg1-C14.xls, HNLCG1-PE, 3, data_5676366396841972.xls, HNLCG1-PE, 2, 1
GOA2007-Leg1-C14.xls, HNLCG1-D5, 2, data_5676366396841972.xls, HNLCG1-D5, 0, 1
GOA2007-Leg1-C14.xls, PE-GAC1, 3, data_5676366396841972.xls, PE-GAC1, 0, 1
GOA2007-Leg1-C14.xls, PE-GAC6, 0, data_5676366396841972.xls, PE-GAC6, 0, 1
GOA2007-Leg1-C14.xls, PE-GAC10, 1, data_5676366396841972.xls, PE-GAC10, 0, 1
GOA2007-Leg1-C14.xls, PE-GAC10, 2, data_5676366396841972.xls, PE-GAC10, 1, 1
GOA2007-Leg1-C14.xls, PE-GAC10, 3, data_5676366396841972.xls, PE-GAC10, 2, 1
GOA2007-Leg1-C14.xls, PE-C031, 2, data_5676366396841972.xls, PE-C031, 0, 1
GOA2007-Leg1-C14_1.xls, 081807-LIGHTLEVELS, 2, data_9885596097160562.xls, 081807-LIGHTLEVELS, 0, 1
GOA2007-Leg1-C14_1.xls, 081807-LIGHTLEVELS, 4, data_9885596097160562.xls, 081807-LIGHTLEVELS, 1, 1
GOA2007-Leg1-C14_1.xls, 081807-LIGHTLEVELS, 8, data_9885596097160562.xls, 081807-LIGHTLEVELS, 2, 1
GOA2007-Leg1-C14_1.xls, CHLOROPHYLL, 2, data_9885596097160562.xls, CHLOROPHYLL, 0, 1
GOA2007-Leg1-C14_1.xls, CHLOROPHYLL, 5, data_9885596097160562.xls, CHLOROPHYLL, 1, 1
GOA2007-Leg1-C14_1.xls, CHLOROPHYLL, 6, data_9885596097160562.xls, CHLOROPHYLL, 2, 1
GOA2007-Leg1-C14_1.xls, CHLOROPHYLL, 8, data_9885596097160562.xls, CHLOROPHYLL, 3, 1
GOA2007-Leg1-C14_1.xls, CHLOROPHYLL, 9, data_9885596097160562.xls, CHLOROPHYLL, 4, 1
GOA2007-Leg1-C14_1.xls, CHLOROPHYLL, 14, data_9885596097160562.xls, CHLOROPHYLL, 5, 1
GOA2007-Leg1-C14_1.xls, SUMMARY CTD, 0, data_9885596097160562.xls, SUMMARY CTD, 0, 1
GOA2007-Leg1-C14_1.xls, SUMMARY CTD, 4, data_9885596097160562.xls, SUMMARY CTD, 1, 1
GOA2007-Leg1-C14_1.xls, SUMMARY CTD, 5, data_9885596097160562.xls, SUMMARY CTD, 2, 1
GOA2007-Leg1-C14_1.xls, SUMMARY CTD, 6, data_9885596097160562.xls, SUMMARY CTD, 3, 1
GOA2007-Leg1-C14_1.xls, SUMMARY CTD, 8, data_9885596097160562.xls, SUMMARY CTD, 4, 1
GOA2007-Leg1-C14_1.xls, SUMMARY CTD, 9, data_9885596097160562.xls, SUMMARY CTD, 5, 1
GOA2007-Leg1-C14_1.xls, SUMMARY CTD, 12, data_9885596097160562.xls, SUMMARY CTD, 6, 1
GOA2007-Leg1-C14_1.xls, SUMMARY CTD, 13, data_9885596097160562.xls, SUMMARY CTD, 7, 1
GOA2007-Leg1-C14_1.xls, SUMMARY CTD, 14, data_9885596097160562.xls, SUMMARY CTD, 8, 1
GOA2007-Leg1-C14_1.xls, SUMMARY CTD, 18, data_9885596097160562.xls, SUMMARY CTD, 9, 1
GOA2007-Leg1-C14_1.xls, SUMMARY CTD, 19, data_9885596097160562.xls, SUMMARY CTD, 10, 1
GOA2007-Leg1-C14_1.xls, SUMMARY CTD, 20, data_9885596097160562.xls, SUMMARY CTD, 11, 1
GOA2007-Leg1-C14_1.xls, C001, 0, data_9885596097160562.xls, C001, 0, 1
GOA2007-Leg1-C14_1.xls, C001, 1, data_9885596097160562.xls, C001, 1, 1
GOA2007-Leg1-C14_1.xls, C001, 2, data_9885596097160562.xls, C001, 2, 1
GOA2007-Leg1-C14_1.xls, C007, 2, data_9885596097160562.xls, C007, 0, 1
GOA2007-Leg1-C14_1.xls, C007, 4, data_9885596097160562.xls, C007, 1, 1
GOA2007-Leg1-C14_1.xls, C012, 0, data_9885596097160562.xls, C012, 0, 1
GOA2007-Leg1-C14_1.xls, C012, 1, data_9885596097160562.xls, C012, 1, 1
GOA2007-Leg1-C14_1.xls, C012, 2, data_9885596097160562.xls, C012, 2, 1
GOA2007-Leg1-C14_1.xls, C012, 3, data_9885596097160562.xls, C012, 3, 1
GOA2007-Leg1-C14_1.xls, C017, 0, data_9885596097160562.xls, C017, 0, 1
GOA2007-Leg1-C14_1.xls, C017, 3, data_9885596097160562.xls, C017, 1, 1
GOA2007-Leg1-C14_1.xls, C019, 0, data_9885596097160562.xls, C019, 0, 1
GOA2007-Leg1-C14_1.xls, C019, 1, data_9885596097160562.xls, C019, 1, 1
GOA2007-Leg1-C14_1.xls, C019, 2, data_9885596097160562.xls, C019, 2, 1
GOA2007-Leg1-C14_1.xls, C019, 3, data_9885596097160562.xls, C019, 3, 1
GOA2007-Leg1-C14_1.xls, C019, 4, data_9885596097160562.xls, C019, 4, 1
GOA2007-Leg1-C14_1.xls, C023, 1, data_9885596097160562.xls, C023, 0, 1
GOA2007-Leg1-C14_1.xls, C023, 3, data_9885596097160562.xls, C023, 1, 1
GOA2007-Leg1-C14_1.xls, C024&C025, 0, data_9885596097160562.xls, C024&C025, 0, 1
GOA2007-Leg1-C14_1.xls, C024&C025, 2, data_9885596097160562.xls, C024&C025, 1, 1
GOA2007-Leg1-C14_1.xls, C024&C025, 3, data_9885596097160562.xls, C024&C025, 2, 1
GOA2007-Leg1-C14_1.xls, C027, 3, data_9885596097160562.xls, C027, 0, 1
GOA2007-Leg1-C14_1.xls, C029, 1, data_9885596097160562.xls, C029, 0, 1
GOA2007-Leg1-C14_1.xls, C029, 2, data_9885596097160562.xls, C029, 1, 1
GOA2007-Leg1-C14_1.xls, C029, 3, data_9885596097160562.xls, C029, 2, 1
GOA2007-Leg1-C14_1.xls, C030, 4, data_9885596097160562.xls, C030, 0, 1
GOA2007-Leg1-C14_1.xls, C031, 1, data_9885596097160562.xls, C031, 0, 1
GOA2007-Leg1-C14_1.xls, C031, 4, data_9885596097160562.xls, C031, 1, 1
GOA2007-Leg1-C14_1.xls, HNLCG1, 0, data_9885596097160562.xls, HNLCG1, 0, 1
GOA2007-Leg1-C14_1.xls, HNLCG1, 2, data_9885596097160562.xls, HNLCG1, 1, 1
GOA2007-Leg1-C14_1.xls, HNLCG1, 3, data_9885596097160562.xls, HNLCG1, 2, 1
GOA2007-Leg1-C14_1.xls, HNLCG1, 4, data_9885596097160562.xls, HNLCG1, 3, 1
GOA2007-Leg1-C14_1.xls, PE1--CG1D0, 0, data_9885596097160562.xls, PE1--CG1D0, 0, 1
GOA2007-Leg1-C14_1.xls, PE1--CG1D0, 1, data_9885596097160562.xls, PE1--CG1D0, 1, 1
GOA2007-Leg1-C14_1.xls, PE1--CG1D0, 3, data_9885596097160562.xls, PE1--CG1D0, 2, 1
GOA2007-Leg1-C14_1.xls, PE1--CG1D0, 4, data_9885596097160562.xls, PE1--CG1D0, 3, 1
GOA2007-Leg1-C14_1.xls, PE1--CG1D0, 5, data_9885596097160562.xls, PE1--CG1D0, 4, 1
GOA2007-Leg1-C14_1.xls, PE1--CG1D0, 6, data_9885596097160562.xls, PE1--CG1D0, 5, 1
GOA2007-Leg1-C14_1.xls, PE1--CG1D0, 7, data_9885596097160562.xls, PE1--CG1D0, 6, 1
GOA2007-Leg1-C14_1.xls, PE-C001, 0, data_9885596097160562.xls, PE-C001, 0, 1
GOA2007-Leg1-C14_1.xls, PE-C001, 1, data_9885596097160562.xls, PE-C001, 1, 1
GOA2007-Leg1-C14_1.xls, PE-C001, 3, data_9885596097160562.xls, PE-C001, 2, 1
GOA2007-Leg1-C14_1.xls, PE-C003, 4, data_9885596097160562.xls, PE-C003, 0, 1
GOA2007-Leg1-C14_1.xls, PE-C007, 0, data_9885596097160562.xls, PE-C007, 0, 1
GOA2007-Leg1-C14_1.xls, PE-C007, 1, data_9885596097160562.xls, PE-C007, 1, 1
GOA2007-Leg1-C14_1.xls, PE-C007, 2, data_9885596097160562.xls, PE-C007, 2, 1
GOA2007-Leg1-C14_1.xls, PE-C007, 3, data_9885596097160562.xls, PE-C007, 3, 1
GOA2007-Leg1-C14_1.xls, PE-C007, 4, data_9885596097160562.xls, PE-C007, 4, 1
GOA2007-Leg1-C14_1.xls, PE-C007, 5, data_9885596097160562.xls, PE-C007, 5, 1
GOA2007-Leg1-C14_1.xls, PE-C012, 4, data_9885596097160562.xls, PE-C012, 0, 1
GOA2007-Leg1-C14_1.xls, PE-C017, 1, data_9885596097160562.xls, PE-C017, 0, 1
GOA2007-Leg1-C14_1.xls, PE-C017, 2, data_9885596097160562.xls, PE-C017, 1, 1
GOA2007-Leg1-C14_1.xls, PE-C019, 1, data_9885596097160562.xls, PE-C019, 0, 1
GOA2007-Leg1-C14_1.xls, PE-C023, 0, data_9885596097160562.xls, PE-C023, 0, 1
GOA2007-Leg1-C14_1.xls, PE-C023, 1, data_9885596097160562.xls, PE-C023, 1, 1
GOA2007-Leg1-C14_1.xls, PE-C023, 2, data_9885596097160562.xls, PE-C023, 2, 1
GOA2007-Leg1-C14_1.xls, PE-C023, 4, data_9885596097160562.xls, PE-C023, 3, 1
GOA2007-Leg1-C14_1.xls, HNLCG1-PE, 0, data_9885596097160562.xls, HNLCG1-PE, 0, 1
GOA2007-Leg1-C14_1.xls, HNLCG1-PE, 2, data_9885596097160562.xls, HNLCG1-PE, 1, 1
GOA2007-Leg1-C14_1.xls, HNLCG1-D5, 1, data_9885596097160562.xls, HNLCG1-D5, 0, 1
GOA2007-Leg1-C14_1.xls, PE-GAC1, 3, data_9885596097160562.xls, PE-GAC1, 0, 1
GOA2007-Leg1-C14_1.xls, PE-GAC6, 0, data_9885596097160562.xls, PE-GAC6, 0, 1
GOA2007-Leg1-C14_1.xls, PE-GAC6, 1, data_9885596097160562.xls, PE-GAC6, 1, 1
GOA2007-Leg1-C14_1.xls, PE-GAC6, 2, data_9885596097160562.xls, PE-GAC6, 2, 1
GOA2007-Leg1-C14_1.xls, PE-GAC6, 3, data_9885596097160562.xls, PE-GAC6, 3, 1
GOA2007-Leg1-C14_1.xls, PE-GAC10, 3, data_9885596097160562.xls, PE-GAC10, 0, 1
GOA2007-Leg1-C14_1.xls, PE-C031, 0, data_9885596097160562.xls, PE-C031, 0, 1
GOA2007-Leg1-C14_1.xls, PE-C031, 2, data_9885596097160562.xls, PE-C031, 1, 1
GOA2007-Leg1-C14_1.xls, PE-C031, 3, data_9885596097160562.xls, PE-C031, 2, 1
GOA2007-Leg1-C14_1.xls, PE-C031, 4, data_9885596097160562.xls, PE-C031, 3, 1
GOA2007-Leg1-C14_1.xls, PE-C031, 5, data_9885596097160562.xls, PE-C031, 4, 1
latlongcounts.xls, latlongcounts, 1, data_7674020242412515.xls, latlongcounts, 0, 1
latlongcounts.xls, latlongcounts, 2, data_7674020242412515.xls, latlongcounts, 1, 1
latlongcounts.xls, latlongcounts, 5, data_7674020242412515.xls, latlongcounts, 2, 1
latlongcounts.xls, latlongcounts, 7, data_7674020242412515.xls, latlongcounts, 3, 1
latlongcounts.xls, latlongcounts, 8, data_7674020242412515.xls, latlongcounts, 4, 1
latlongcounts.xls, latlongcounts, 10, data_7674020242412515.xls, latlongcounts, 5, 1
latlongcounts.xls, latlongcounts, 13, data_7674020242412515.xls, latlongcounts, 6, 1
latlongcounts.xls, latlongcounts, 14, data_7674020242412515.xls, latlongcounts, 7, 1
latlongcounts.xls, latlongcounts, 17, data_7674020242412515.xls, latlongcounts, 8, 1
latlongcounts.xls, latlongcounts, 19, data_7674020242412515.xls, latlongcounts, 9, 1
OC1203A.xls, Sheet1, 39, data_2397442521509584.xls, Sheet1, 0, 1
Transect2NutrientSummary.xls, Sheet1, 0, data_16067329990768586.xls, Sheet1, 0, 1
Transect2NutrientSummary.xls, Sheet1, 1, data_16067329990768586.xls, Sheet1, 1, 1
Transect2NutrientSummary.xls, Sheet1, 2, data_16067329990768586.xls, Sheet1, 2, 1
Transect2NutrientSummary.xls, Sheet1, 3, data_16067329990768586.xls, Sheet1, 3, 1
Transect2NutrientSummary.xls, Sheet1, 4, data_16067329990768586.xls, Sheet1, 4, 1
Transect2NutrientSummary.xls, Sheet1, 5, data_16067329990768586.xls, Sheet1, 5, 1
Transect2NutrientSummary.xls, Sheet1, 7, data_16067329990768586.xls, Sheet1, 6, 1
Transect2NutrientSummary.xls, Sheet1, 8, data_16067329990768586.xls, Sheet1, 7, 1
Transect2NutrientSummary.xls, Sheet1, 9, data_16067329990768586.xls, Sheet1, 8, 1
Transect2NutrientSummary.xls, Sheet1, 10, data_16067329990768586.xls, Sheet1, 9, 1
Transect2NutrientSummary_TP.xls, Sheet1, 10, data_3281611872035558.xls, Sheet1, 0, 1
Transect2NutrientSummary_TP.xls, Sheet4, 0, data_3281611872035558.xls, Sheet4, 0, 1
Transect2NutrientSummary_TP.xls, Sheet4, 6, data_3281611872035558.xls, Sheet4, 1, 1
Transect2NutrientSummary_TP.xls, Sheet4, 9, data_3281611872035558.xls, Sheet4, 2, 1
Transect2NutrientSummary_TP.xls, Sheet4, 21, data_3281611872035558.xls, Sheet4, 3, 1
Transect2NutrientSummary_TP.xls, Sheet2, 1, data_3281611872035558.xls, Sheet2, 0, 1
Transect2NutrientSummary_TP.xls, Sheet2, 2, data_3281611872035558.xls, Sheet2, 1, 1
Transect2NutrientSummary_TP.xls, Sheet2, 3, data_3281611872035558.xls, Sheet2, 2, 1
Transect2NutrientSummary_TP.xls, Sheet2, 5, data_3281611872035558.xls, Sheet2, 3, 1
Transect2NutrientSummary_TP.xls, Sheet2, 6, data_3281611872035558.xls, Sheet2, 4, 1
Transect2NutrientSummary_TP.xls, Sheet2, 9, data_3281611872035558.xls, Sheet2, 5, 1
Transect2NutrientSummary_TP.xls, Sheet2, 10, data_3281611872035558.xls, Sheet2, 6, 1
Transect2NutrientSummary_TP.xls, Sheet2, 11, data_3281611872035558.xls, Sheet2, 7, 1
Transect2NutrientSummary_TP.xls, Sheet2, 13, data_3281611872035558.xls, Sheet2, 8, 1
Transect2NutrientSummary_TP.xls, Sheet2, 15, data_3281611872035558.xls, Sheet2, 9, 1
Transect2NutrientSummary_TP.xls, Sheet2, 16, data_3281611872035558.xls, Sheet2, 10, 1
Transect2NutrientSummary_TP.xls, Sheet2, 17, data_3281611872035558.xls, Sheet2, 11, 1
Transect2NutrientSummary_TP.xls, Sheet2, 19, data_3281611872035558.xls, Sheet2, 12, 1
Transect2NutrientSummary_TP.xls, Sheet2, 21, data_3281611872035558.xls, Sheet2, 13, 1
Transect2NutrientSummary_TP.xls, Sheet3, 1, data_3281611872035558.xls, Sheet3, 0, 1
Transect2NutrientSummary_TP.xls, Sheet3, 4, data_3281611872035558.xls, Sheet3, 1, 1
Transect2NutrientSummary_TP.xls, Sheet3, 5, data_3281611872035558.xls, Sheet3, 2, 1
Transect2NutrientSummary_TP.xls, Sheet3, 8, data_3281611872035558.xls, Sheet3, 3, 1
Transect2NutrientSummary_TP.xls, Sheet3, 12, data_3281611872035558.xls, Sheet3, 4, 1
Transect2NutrientSummary_TP1.xls, Sheet1, 1, data_9178465531325063.xls, Sheet1, 0, 1
Transect2NutrientSummary_TP1.xls, Sheet1, 3, data_9178465531325063.xls, Sheet1, 1, 1
Transect2NutrientSummary_TP1.xls, Sheet1, 5, data_9178465531325063.xls, Sheet1, 2, 1
Transect2NutrientSummary_TP1.xls, Sheet1, 7, data_9178465531325063.xls, Sheet1, 3, 1
Transect2NutrientSummary_TP1.xls, Sheet1, 8, data_9178465531325063.xls, Sheet1, 4, 1
Transect2NutrientSummary_TP1.xls, Sheet1, 9, data_9178465531325063.xls, Sheet1, 5, 1
Transect2NutrientSummary_TP1.xls, Sheet1, 10, data_9178465531325063.xls, Sheet1, 6, 1
Transect2NutrientSummary_TP1.xls, Sheet4, 1, data_9178465531325063.xls, Sheet4, 0, 1
Transect2NutrientSummary_TP1.xls, Sheet4, 10, data_9178465531325063.xls, Sheet4, 1, 1
Transect2NutrientSummary_TP1.xls, Sheet4, 13, data_9178465531325063.xls, Sheet4, 2, 1
Transect2NutrientSummary_TP1.xls, Sheet4, 14, data_9178465531325063.xls, Sheet4, 3, 1
Transect2NutrientSummary_TP1.xls, Sheet4, 15, data_9178465531325063.xls, Sheet4, 4, 1
Transect2NutrientSummary_TP1.xls, Sheet4, 17, data_9178465531325063.xls, Sheet4, 5, 1
Transect2NutrientSummary_TP1.xls, Sheet4, 18, data_9178465531325063.xls, Sheet4, 6, 1
Transect2NutrientSummary_TP1.xls, Sheet4, 20, data_9178465531325063.xls, Sheet4, 7, 1
Transect2NutrientSummary_TP1.xls, Sheet4, 22, data_9178465531325063.xls, Sheet4, 8, 1
Transect2NutrientSummary_TP1.xls, Sheet2, 2, data_9178465531325063.xls, Sheet2, 0, 1
Transect2NutrientSummary_TP1.xls, Sheet2, 3, data_9178465531325063.xls, Sheet2, 1, 1
Transect2NutrientSummary_TP1.xls, Sheet2, 6, data_9178465531325063.xls, Sheet2, 2, 1
Transect2NutrientSummary_TP1.xls, Sheet2, 7, data_9178465531325063.xls, Sheet2, 3, 1
Transect2NutrientSummary_TP1.xls, Sheet2, 8, data_9178465531325063.xls, Sheet2, 4, 1
Transect2NutrientSummary_TP1.xls, Sheet2, 11, data_9178465531325063.xls, Sheet2, 5, 1
Transect2NutrientSummary_TP1.xls, Sheet2, 16, data_9178465531325063.xls, Sheet2, 6, 1
Transect2NutrientSummary_TP1.xls, Sheet2, 19, data_9178465531325063.xls, Sheet2, 7, 1
Transect2NutrientSummary_TP1.xls, Sheet2, 20, data_9178465531325063.xls, Sheet2, 8, 1
Transect2NutrientSummary_TP1.xls, Sheet2, 21, data_9178465531325063.xls, Sheet2, 9, 1
Transect2NutrientSummary_TP1.xls, Sheet3, 0, data_9178465531325063.xls, Sheet3, 0, 1
Transect2NutrientSummary_TP1.xls, Sheet3, 1, data_9178465531325063.xls, Sheet3, 1, 1
Transect2NutrientSummary_TP1.xls, Sheet3, 2, data_9178465531325063.xls, Sheet3, 2, 1
Transect2NutrientSummary_TP1.xls, Sheet3, 3, data_9178465531325063.xls, Sheet3, 3, 1
Transect2NutrientSummary_TP1.xls, Sheet3, 4, data_9178465531325063.xls, Sheet3, 4, 1
Transect2NutrientSummary_TP1.xls, Sheet3, 5, data_9178465531325063.xls, Sheet3, 5, 1
Transect2NutrientSummary_TP1.xls, Sheet3, 7, data_9178465531325063.xls, Sheet3, 6, 1
Transect2NutrientSummary_TP1.xls, Sheet3, 9, data_9178465531325063.xls, Sheet3, 7, 1
Transect2NutrientSummary_TP1.xls, Sheet3, 10, data_9178465531325063.xls, Sheet3, 8, 1
Transect2NutrientSummary_TP1.xls, Sheet3, 11, data_9178465531325063.xls, Sheet3, 9, 1
Transect2NutrientSummary_TP1.xls, Sheet3, 12, data_9178465531325063.xls, Sheet3, 10, 1
Transect2NutrientSummary_TP1.xls, Sheet3, 13, data_9178465531325063.xls, Sheet3, 11, 1
W1109D-v2.xls, Sheet1, 1, data_7580161500378911.xls, Sheet1, 0, 1
W1109D-v2.xls, Sheet1, 8, data_7580161500378911.xls, Sheet1, 1, 1
W1109D-v2.xls, Sheet1, 12, data_7580161500378911.xls, Sheet1, 2, 1
W1109D-v2.xls, Sheet1, 21, data_7580161500378911.xls, Sheet1, 3, 1
W1109D-v2.xls, Sheet1, 32, data_7580161500378911.xls, Sheet1, 4, 1
W1109D-v2.xls, Sheet1, 36, data_7580161500378911.xls, Sheet1, 5, 1
W1109D-v2.xls, Sheet1, 37, data_7580161500378911.xls, Sheet1, 6, 1
